nro;titulo;precio;link
1;Una Familia Anormal;$ 879,00;https://www.cuspide.com/Libro/9789877363326/Una+Familia+Anormal
2;Simplemente Charli;$ 999,00;https://www.cuspide.com/Libro/9789874924643/Simplemente+Charli
3;Todo Este Tiempo;$ 1.699,00;https://www.cuspide.com/Libro/9789871997480/Todo+Este+Tiempo
4;Las Señoritas;$ 1.499,00;https://www.cuspide.com/Libro/9788426481078/Las+Se%c3%b1oritas
5;Perfectos Mentirosos;$ 1.399,00;https://www.cuspide.com/Libro/9789874924810/Perfectos+Mentirosos
6;Heist;$ 1.869,00;https://www.cuspide.com/Libro/9789874924773/Heist
7;Todo Lo Que Somos Juntos;$ 1.520,00;https://www.cuspide.com/Libro/9789504973317/Todo+Lo+Que+Somos+Juntos
8;La Vida Invisible De Addie Larue;$ 2.150,00;https://www.cuspide.com/Libro/9789874777751/La+Vida+Invisible+De+Addie+Larue
9;Heartstopper;$ 999,00;https://www.cuspide.com/Libro/9789877475876/Heartstopper
10;Una Familia Anormal;$ 849,00;https://www.cuspide.com/Libro/9789877362916/Una+Familia+Anormal
11;Una Familia Anormal;$ 849,00;https://www.cuspide.com/Libro/9789877362459/Una+Familia+Anormal
12;Un Cuento Perfecto;$ 2.499,00;https://www.cuspide.com/Libro/9789877391695/Un+Cuento+Perfecto
13;Heartstopper 2;$ 999,00;https://www.cuspide.com/Libro/9789877476583/Heartstopper+2
14;1. Anne , La De Tejados Verdes;$ 985,00;https://www.cuspide.com/Libro/9788418128950/1++Anne+++La+De+Tejados+Verdes
15;Heartstopper 3;$ 999,00;https://www.cuspide.com/Libro/9789877476972/Heartstopper+3
16;1. El Ladron Del Rayo ( Percy Jackson Y Los Dioses Del Olimpo );$ 1.599,00;https://www.cuspide.com/Libro/9789878000183/1++El+Ladron+Del+Rayo+(+Percy+Jackson+Y+Los+Dioses+Del+Olimpo+)
17;El Mundo De Lyna;$ 749,00;https://www.cuspide.com/Libro/9789877362985/El+Mundo+De+Lyna
18;La Batalla Del Futuro;$ 1.590,00;https://www.cuspide.com/Libro/9789877187045/La+Batalla+Del+Futuro
19;Lore;$ 1.990,00;https://www.cuspide.com/Libro/9789874132468/Lore
20;Una Luz Fuerte Y Brillante;$ 2.050,00;https://www.cuspide.com/Libro/9789500440752/Una+Luz+Fuerte+Y+Brillante
21;Yo Recordare Por Ustedes;$ 1.690,00;https://www.cuspide.com/Libro/9789500440882/Yo+Recordare+Por+Ustedes
22;Asesino De Brujas  ( Libro 1 Saga Asesino De Brujas );$ 1.790,00;https://www.cuspide.com/Libro/9789874132390/Asesino+De+Brujas++(+Libro+1+Saga+Asesino+De+Brujas+)
23;Una Familia Anormal;$ 849,00;https://www.cuspide.com/Libro/9789877362633/Una+Familia+Anormal
24;Una Abuela Anormal;$ 849,00;https://www.cuspide.com/Libro/9789877363272/Una+Abuela+Anormal
25;1. Harry Potter Y La Piedra Filosofal ( Bolsillo );$ 1.599,00;https://www.cuspide.com/Libro/9789878000107/1++Harry+Potter+Y+La+Piedra+Filosofal+(+Bolsillo+)
26;Luca : La Historia De La Pelicula;$ 799,00;https://www.cuspide.com/Libro/9789877975833/Luca+++La+Historia+De+La+Pelicula
27;Invictor Y Mayo En Busca De La Esmeralda;$ 1.399,00;https://www.cuspide.com/Libro/9789877363388/Invictor+Y+Mayo+En+Busca+De+La+Esmeralda
28;El Funcionamiento General Del Mundo;$ 1.799,00;https://www.cuspide.com/Libro/9789877387858/El+Funcionamiento+General+Del+Mundo
29;Los Siete Maridos De Evelyn Hugo;$ 1.990,00;https://www.cuspide.com/Libro/9789874777737/Los+Siete+Maridos+De+Evelyn+Hugo
30;Cinder  ( Libro 1 De La Saga Cronicas Lunares );$ 1.399,00;https://www.cuspide.com/Libro/9789876129275/Cinder++(+Libro+1+De+La+Saga+Cronicas+Lunares+)
31;La Tia Cosima;$ 949,00;https://www.cuspide.com/Libro/9789877391480/La+Tia+Cosima
32;Un Vecino Anormal;$ 849,00;https://www.cuspide.com/Libro/9789877363074/Un+Vecino+Anormal
33;Asesino De Brujas  ( Libro 2 Saga Asesino De Brujas );$ 1.950,00;https://www.cuspide.com/Libro/9789874132383/Asesino+De+Brujas++(+Libro+2+Saga+Asesino+De+Brujas+)
34;Juga Con Lyna;$ 749,00;https://www.cuspide.com/Libro/9789877362992/Juga+Con+Lyna
35;Al Final Mueren Los Dos;$ 1.750,00;https://www.cuspide.com/Libro/9789874132017/Al+Final+Mueren+Los+Dos
36;La Tierra De Las Historias  ( Libro 1 De La Tierra De Las Historias );$ 1.449,00;https://www.cuspide.com/Libro/9789877470628/La+Tierra+De+Las+Historias++(+Libro+1+De+La+Tierra+De+Las+Historias+)
37;Ariadna;$ 1.800,00;https://www.cuspide.com/Libro/9789874777799/Ariadna
38;Despues;$ 1.999,00;https://www.cuspide.com/Libro/9789506445614/Despues
39;Los Cuatro Acuerdos;$ 1.890,00;https://www.cuspide.com/Libro/9789507880223/Los+Cuatro+Acuerdos
40;Riusplay Y El Hechizo De La Luna Llena;$ 1.299,00;https://www.cuspide.com/Libro/9789877363302/Riusplay+Y+El+Hechizo+De+La+Luna+Llena
41;A Traves De Mi Ventana;$ 1.749,00;https://www.cuspide.com/Libro/9789877385991/A+Traves+De+Mi+Ventana
42;Cuentos Cortos Para Soñar 4;$ 790,00;https://www.cuspide.com/Libro/9789500211925/Cuentos+Cortos+Para+So%c3%b1ar+4
43;( Mal ) Educadas;$ 1.320,00;https://www.cuspide.com/Libro/9789504971290/(+Mal+)+Educadas
44;Wolf Song ( Cancion Del Lobo );$ 1.590,00;https://www.cuspide.com/Libro/9789877475173/Wolf+Song+(+Cancion+Del+Lobo+)
45;Catedrales;$ 1.699,00;https://www.cuspide.com/Libro/9789877386875/Catedrales
46;Sira;$ 2.080,00;https://www.cuspide.com/Libro/9789504973331/Sira
47;Destroza Este Diario ( A Todo Color );$ 1.210,00;https://www.cuspide.com/Libro/9789501296808/Destroza+Este+Diario+(+A+Todo+Color+)
48;2. Harry Potter Y La Camara Secreta ( Bolsillo );$ 1.599,00;https://www.cuspide.com/Libro/9789878000114/2++Harry+Potter+Y+La+Camara+Secreta+(+Bolsillo+)
49;2. Anne, La De Tejados Verdes : Anne, La De Avonlea;$ 1.395,00;https://www.cuspide.com/Libro/9788418538261/2++Anne++La+De+Tejados+Verdes+++Anne++La+De+Avonlea
50;1. La Seleccion;$ 1.599,00;https://www.cuspide.com/Libro/9788499186078/1++La+Seleccion
51;Asylum;$ 1.279,00;https://www.cuspide.com/Libro/9789876127783/Asylum
52;Una Educacion Mortal;$ 1.750,00;https://www.cuspide.com/Libro/9789874777744/Una+Educacion+Mortal
53;Dimelo Bajito;$ 1.799,00;https://www.cuspide.com/Libro/9789874924650/Dimelo+Bajito
54;El Manuscrito;$ 1.999,00;https://www.cuspide.com/Libro/9789506445584/El+Manuscrito
55;Cuentos Cortos Para Soñar 3;$ 790,00;https://www.cuspide.com/Libro/9789500211178/Cuentos+Cortos+Para+So%c3%b1ar+3
56;Burundi : De Largos Misterios Y Lineas Perdidas;$ 990,00;https://www.cuspide.com/Libro/9789876379052/Burundi+++De+Largos+Misterios+Y+Lineas+Perdidas
57;3. Harry Potter Y El Prisionero De Azkaban ( Bolsillo );$ 1.599,00;https://www.cuspide.com/Libro/9789878000121/3++Harry+Potter+Y+El+Prisionero+De+Azkaban+(+Bolsillo+)
58;Diario De Pilar En Amazonas;$ 829,00;https://www.cuspide.com/Libro/9789876129183/Diario+De+Pilar+En+Amazonas
59;Los Compas Escapan De La Prision;$ 1.930,00;https://www.cuspide.com/Libro/9789508701619/Los+Compas+Escapan+De+La+Prision
60;Las Gratitudes;$ 1.295,00;https://www.cuspide.com/Libro/9788433980830/Las+Gratitudes
61;Cuentos Cortos Para Soñar 2;$ 790,00;https://www.cuspide.com/Libro/9789500210416/Cuentos+Cortos+Para+So%c3%b1ar+2
62;35. Gaturro;$ 638,00;https://www.cuspide.com/Libro/9789505158782/35++Gaturro
63;Diario De Pilar En China;$ 829,00;https://www.cuspide.com/Libro/9789877474299/Diario+De+Pilar+En+China
64;Todas Nuestras Noches;$ 1.299,00;https://www.cuspide.com/Libro/9789877476866/Todas+Nuestras+Noches
65;Diario De Pilar En Africa;$ 829,00;https://www.cuspide.com/Libro/9789877473711/Diario+De+Pilar+En+Africa
66;Caos;$ 1.649,00;https://www.cuspide.com/Libro/9789500761277/Caos
67;Yoga;$ 1.595,00;https://www.cuspide.com/Libro/9788433980847/Yoga
68;La Vaca Se Empaca;$ 1.250,00;https://www.cuspide.com/Libro/9789878661735/La+Vaca+Se+Empaca
69;La Mayor Actualizacion Jamas Vista Minecraft;$ 439,00;https://www.cuspide.com/Libro/9789871713288/La+Mayor+Actualizacion+Jamas+Vista+Minecraft
70;Una Historia Argentina En Tiempo Real;$ 2.690,00;https://www.cuspide.com/Libro/9789504970804/Una+Historia+Argentina+En+Tiempo+Real
71;4. Hanako Kun;$ 575,00;https://www.cuspide.com/Libro/9786075684826/4++Hanako+Kun
72;Cometierra;$ 1.100,00;https://www.cuspide.com/Libro/9789874063656/Cometierra
73;De Animales A Dioses;$ 2.249,00;https://www.cuspide.com/Libro/9789873752131/De+Animales+A+Dioses
74;Enciclopedia De Los Cuentos Clasicos;$ 1.539,00;https://www.cuspide.com/Libro/9789877975437/Enciclopedia+De+Los+Cuentos+Clasicos
75;3. Hanako Kun;$ 575,00;https://www.cuspide.com/Libro/9786075684352/3++Hanako+Kun
76;Attack On Titan Vol 3;$ 700,00;https://www.cuspide.com/Libro/9789877247725/Attack+On+Titan+Vol+3
77;Rojava;$ 1.499,00;https://www.cuspide.com/Libro/9789506445645/Rojava
78;Matilde Decide Vivir;$ 985,00;https://www.cuspide.com/Libro/9789874109958/Matilde+Decide+Vivir
79;Populismo Jesuita;$ 1.195,00;https://www.cuspide.com/Libro/9789876286121/Populismo+Jesuita
80;Un Mundo Sin Jefes;$ 1.299,00;https://www.cuspide.com/Libro/9789871941711/Un+Mundo+Sin+Jefes
81;La Guia Definitiva De Roblox;$ 399,00;https://www.cuspide.com/Libro/9789871713301/La+Guia+Definitiva+De+Roblox
82;2. El Mar De Los Monstruos ( Percy Jackson Y Los Dioses Del Olimpo );$ 1.599,00;https://www.cuspide.com/Libro/9789878000206/2++El+Mar+De+Los+Monstruos+(+Percy+Jackson+Y+Los+Dioses+Del+Olimpo+)
83;El Bosque De Las Cosas Perdidas;$ 1.510,00;https://www.cuspide.com/Libro/9789874132437/El+Bosque+De+Las+Cosas+Perdidas
84;Diario De Pilar En Machu Picchu;$ 829,00;https://www.cuspide.com/Libro/9789877473063/Diario+De+Pilar+En+Machu+Picchu
85;1. Harry Potter Y La Piedra Filosofal;$ 2.049,00;https://www.cuspide.com/Libro/9789878000404/1++Harry+Potter+Y+La+Piedra+Filosofal
86;Las Malas;$ 1.560,00;https://www.cuspide.com/Libro/9789876704816/Las+Malas
87;Padre Rico , Padre Pobre ( 20 Años );$ 1.399,00;https://www.cuspide.com/Libro/9789877253146/Padre+Rico+++Padre+Pobre+(+20+A%c3%b1os+)
88;Meal Prep;$ 3.490,00;https://www.cuspide.com/Libro/9789504972464/Meal+Prep
89;La Vaca En Su Hamaca;$ 1.250,00;https://www.cuspide.com/Libro/9789874270047/La+Vaca+En+Su+Hamaca
90;Diario De Pilar En Egipto;$ 829,00;https://www.cuspide.com/Libro/9789877471311/Diario+De+Pilar+En+Egipto
91;Pokemon Guia Oficial De La Region Galar;$ 1.289,00;https://www.cuspide.com/Libro/9789874924681/Pokemon+Guia+Oficial+De+La+Region+Galar
92;Nosotros , Los Caserta;$ 1.330,00;https://www.cuspide.com/Libro/9789876706476/Nosotros+++Los+Caserta
93;La Desconocida;$ 1.450,00;https://www.cuspide.com/Libro/9789507325175/La+Desconocida
94;Hecha De Estrellas;$ 1.139,00;https://www.cuspide.com/Libro/9789877475050/Hecha+De+Estrellas
95;3. Banana Fish;$ 1.100,00;https://www.cuspide.com/Libro/9786075680958/3++Banana+Fish
96;Mujeres Del Alma Mia;$ 1.699,00;https://www.cuspide.com/Libro/9789500764896/Mujeres+Del+Alma+Mia
