N°,Título,Link
2, El BCRA reforzará los controles sobre la operación con criptomonedas,https://www.ambito.com/economia/bitcoin/argentina-reforzara-los-controles-la-operacion-criptomonedas-n5247415
3, La UIA sugiere no pagar sueldo a los empleados que no quieran vacunarse ,https://www.ambito.com/economia/uia/la-sugiere-no-pagar-sueldo-los-empleados-que-no-quieran-vacunarse-n5247433
4, Alberto Fernández tomó juramento a Zabaleta y Taiana y cambia el Gabinete,https://www.ambito.com/politica/alberto-fernandez/tomo-juramento-zabaleta-y-taiana-y-cambia-el-gabinete-n5247270
5," Pesce: ""El BCRA tiene $3,7 billones esterilizados en Leliq y Pases que necesitamos se transformen en inversión""",https://www.ambito.com/economia/mercado-capitales/miguel-pesce-el-banco-central-tiene-37-billones-esterilizados-leliq-y-pases-que-necesitamos-se-transformen-inversion-n5247516
6," Australia ve en Argentina ""potencial para liderar el desarrollo del litio""",https://www.ambito.com/energia/australia/ve-argentina-potencial-liderar-el-desarrollo-del-litio-n5247452
7, Litio: Argentina contará con una  planta de fabricación de baterías,https://www.ambito.com/informacion-general/universidades/litio-argentina-contara-una-planta-fabricacion-baterias-n5224211
8, El litio: guerra entre lo moderno y lo ancestral,https://www.ambito.com/espectaculos/el-litio-guerra-lo-moderno-y-lo-ancestral-n5243467
9, Cuáles fueron las primeras declaraciones de Taiana y Zabaleta como ministros,https://www.ambito.com/politica/jorge-taiana/cuales-fueron-las-primeras-declaraciones-y-juachi-zabaleta-como-ministros-n5247504
10," Alberto Fernández y una señal para Agustín Rossi: ""Nuestra amistad nunca se quebró ni se va a quebrar""",https://www.ambito.com/politica/alberto-fernandez/y-una-senal-agustin-rossi-nuestra-amistad-nunca-se-quebro-ni-se-va-quebrar-n5247497
11," La inflación de los trabajadores fue en julio del 2,9%",https://www.ambito.com/economia/trabajadores/la-inflacion-los-fue-julio-del-29-n5247218
12," Soledad Manin: ""Los hogares y los pequeños comercios e industrias no van a tener impacto en su factura de electricidad""",https://www.ambito.com/energia/enre/soledad-manin-los-hogares-y-los-pequenos-comercios-e-industrias-no-van-tener-impacto-su-factura-electricidad-n5247353
13, Supermercadistas chinos buscarán adherirse al programa de precios bajos Súper Cerca,https://www.ambito.com/politica/paula-espanol/supermercadistas-chinos-buscaran-adherirse-al-programa-precios-bajos-super-cerca-n5247486
14, ANSES anunció el nuevo aumento de las jubilaciones y AUH,https://www.ambito.com/economia/anses/anuncio-el-nuevo-aumento-las-jubilaciones-y-auh-n5247195
15, El dólar blue cayó $1 y cerró en su valor más bajo de casi un mes,https://www.ambito.com/finanzas/dolar-blue/hoy-cuanto-cerro-este-martes-10-agosto-n5246636
16, Revolución francesa: Messi ya es jugador del PSG,https://www.ambito.com/deportes/messi/lionel-ya-es-jugador-del-psg-n5246640
17," La camiseta ""30"" de Lionel Messi en PSG ya está disponible para la compra",https://www.ambito.com/deportes/lionel-messi/la-camiseta-30-psg-ya-esta-disponible-la-compra-n5246955
18, Las primeras imágenes de Messi con la camiseta del PSG,https://www.ambito.com/deportes/psg/las-primeras-imagenes-messi-la-camiseta-del-n5247276
19, Ibai Llanos estará en la presentación de Messi en el PSG y promete una sorpresa,https://www.ambito.com/deportes/ibai/llanos-estara-la-presentacion-messi-el-psg-y-promete-una-sorpresa-n5247362
20, PSG y el mensaje al Real Madrid: Mbappé no se va,https://www.ambito.com/deportes/psg/y-el-mensaje-al-real-madrid-mbappe-no-se-va-n5247159
21, ¿Cuándo debutará Messi con la camiseta del PSG?,https://www.ambito.com/deportes/messi/cuando-debutara-la-camiseta-del-psg-n5247200
22, Los detalles del contrato de Messi con el PSG,https://www.ambito.com/deportes/lionel-messi/los-detalles-del-contrato-messi-el-psg-n5246715
23, Criptomonedas: AMC confirmó que aceptará bitcoin para comprar entradas de cine,https://www.ambito.com/negocios/cine/criptomonedas-amc-confirmo-que-aceptara-bitcoin-comprar-entradas-n5247330
24, Jair Bolsonaro recibió a Daniel Scioli por su primer aniversario en Brasil,https://www.ambito.com/politica/daniel-scioli/jair-bolsonaro-recibio-su-primer-aniversario-brasil-n5247385
25, El futuro de las criptofinanzas en #DescentralizAR2021,https://www.ambito.com/negocios/criptofinanzas/el-futuro-las-descentralizar2021-n5247268
26, ADRs treparon hasta 7% en Wall Street y el S&P Merval tuvo la mayor suba en el mes,https://www.ambito.com/finanzas/sp-merval/adrs-treparon-7-wall-street-y-el-tuvo-la-mayor-suba-el-mes-n5246861
27, JetSmart hizo su primer vuelo de Buenos Aires a Posadas,https://www.ambito.com/negocios/jetsmart/hizo-su-primer-vuelo-buenos-aires-posadas-n5247482
28," Dólares financieros cerraron casi estables, aunque el CCL cruzó los $171",https://www.ambito.com/finanzas/dolar/es-financieros-cerraron-casi-estables-aunque-el-ccl-cruzo-los-171-n5247085
29," Salarios subieron 2,3% en junio, y quedaron debajo de la inflación por tercer mes al hilo",https://www.ambito.com/economia/salarios-subieron-23-junio-y-quedaron-debajo-la-inflacion-tercer-mes-al-hilo-n5247174
30, Pronostican que el Bitcoin llegará a u$s100.000 para fin de año,https://www.ambito.com/finanzas/bitcoin/pronostican-que-el-llegara-us100000-fin-ano-n5247115
31," Bitfarms, la empresa argentina que se convirtió en unicornio gracias a la suba del Bitcoin",https://www.ambito.com/negocios/bitcoin/bitfarms-la-empresa-argentina-que-se-convirtio-unicornio-gracias-la-suba-del-n5246908
32, Dólar ahorro: últimas horas para pedir a AFIP las devoluciones por compras con tarjeta ,https://www.ambito.com/finanzas/afip/dolar-ahorro-ultimas-horas-pedir-las-devoluciones-compras-tarjeta-n5246678
33," Pese a que se recuperaron, Estados Unidos le dio un golpe a las criptomonedas ",https://www.ambito.com/finanzas/bitcoin/pese-que-se-recuperaron-estados-unidos-le-dio-un-golpe-las-criptomonedas-n5246680
34, Ganancias: problemas en la actualización de deducciones y el caso particular de quebrantos,https://www.ambito.com/contenidos/novedades-fiscales.html
35, El repunte de los usados,https://www.ambito.com/contenidos/autos.html
36, Suscribite al newsletter de Ámbito,https://www.ambito.com/economia/finanzas/suscribite-al-newsletter-ambito-n5108585
37, Apoyo de la CGT a la lista del Frente de Todos,https://www.ambito.com/politica/campana/s-marcha-n5246597
38, Campaña y Messi taparon todo,https://www.ambito.com/secciones-especiales/charlas-quincho/-n5245637
39, Manes se ajusta a la letra de la alianza opositora,https://www.ambito.com/politica/paso/campanas-marcha-n5245636
40, Covid-19: se registraron 12.412 casos y 206 muertos en las últimas 24 horas,https://www.ambito.com/informacion-general/coronavirus/cuantos-casos-hay-hoy-la-argentina-n5176993
41, Vacunación: Carla Vizzotti recibió la segunda dosis y combinó con Moderna ,https://www.ambito.com/informacion-general/vacunacion/carla-vizzotti-recibio-la-segunda-dosis-y-combino-moderna-n5247142
42, Una enfermera alemana inyectó suero en lugar de la vacuna a miles de personas,https://www.ambito.com/mundo/vacunas/covid-19-una-enfermera-alemana-inyecto-suero-lugar-la-vacuna-miles-personas-n5247055
43, Desbaratan red criminal dedicada a la venta de barbijos truchos: 8 detenidos,https://www.ambito.com/informacion-general/barbijos/desbaratan-red-criminal-dedicada-la-venta-truchos-8-detenidos-n5246684
44, EEUU ofreció a Argentina transferir tecnología para la fabricación de vacunas contra el Covid-19,https://www.ambito.com/politica/covid-19/estados-unidos-ofrecio-argentina-transferir-tecnologia-la-fabricacion-vacunas-contra-el-n5246277
45, Provincia de Buenos Aires deja atrás las fases de riesgo y aplica un nuevo sistema ante el Covid-19,https://www.ambito.com/politica/fase/provincia-buenos-aires-deja-atras-las-s-riesgo-y-aplica-un-nuevo-sistema-el-covid-19-n5246884
46," La rentabilidad de YPF creció 14,3% respecto a igual período prepandemia",https://www.ambito.com/negocios/ypf/la-rentabilidad-crecio-143-respecto-igual-periodo-prepandemia-n5247402
47, El Gobierno autorizó subas en las tarifas eléctricas,https://www.ambito.com/economia/tarifas/el-gobierno-autorizo-subas-las-edenor-y-edesur-grandes-usuarios-n5246689
48, La modificación del Presupuesto y el plan energético,https://www.ambito.com/opiniones/vaca-muerta/la-modificacion-del-presupuesto-y-el-plan-energetico-n5246764
49, Dramática sequía: graves bajantes extienden desgaste sobre la generación de energía,https://www.ambito.com/ambito-nacional/sequia/dramatica-graves-bajantes-extienden-desgaste-la-generacion-energia-n5246604
50, Lanzan una aplicación argentina que escanea CBUs y los convierte en texto ,https://www.ambito.com/informacion-general/cbu/lanzan-una-aplicacion-argentina-que-escanea-s-y-los-convierte-texto-n5246825
51, La criptomoneda del PSG se disparó tras la llegada de Lionel Messi a Francia,https://www.ambito.com/finanzas/lionel-messi/la-criptomoneda-del-psg-se-disparo-la-llegada-francia-n5246855
52, WhatsApp: cómo restaurar la última copia de seguridad,https://www.ambito.com/informacion-general/whatsapp/como-restaurar-la-ultima-copia-seguridad-n5246691
53, Qué computadora podés comprar con el subsidio del Gobierno a programadores,https://www.ambito.com/informacion-general/computadoras/que-computadora-podes-comprar-el-subsidio-del-gobierno-programadores-n5246402
54, Programación: cuáles son los sueldos que podés ganar haciendo los cursos del Gobierno,https://www.ambito.com/informacion-general/tecnologia/programacion-cuales-son-los-sueldos-que-podes-ganar-haciendo-los-cursos-del-gobierno-n5246309
55, Cómo agrupar todos los chats ignorados y no leídos desde WhatsApp Web,https://www.ambito.com/informacion-general/whatsapp/como-agrupar-todos-los-chats-ignorados-y-no-leidos-web-n5246867
56, Pampita bailó en el caño a dos semanas del parto de su hija,https://www.ambito.com/espectaculos/showmatch/pampita-bailo-el-cano-dos-semanas-del-parto-su-hija-n5247226
57, La NASA pide voluntarios para que vivan encerrados un año simulando estar en Marte,https://www.ambito.com/informacion-general/nasa/la-pide-voluntarios-que-vivan-encerrados-un-ano-simulando-estar-marte-n5246788
58," ""Lucifer"" temporada 6: Tráiler y fecha de estreno de la temporada final",https://www.ambito.com/espectaculos/netflix/lucifer-temporada-6-trailer-y-fecha-estreno-la-temporada-final-n5247101
59," ""La Voz Argentina"": Santiago Borda fue denunciado por su expareja",https://www.ambito.com/espectaculos/la-voz-argentina/santiago-borda-fue-denunciado-su-expareja-n5246981
60," Catherine Zeta-Jones será Morticia en la serie de Tim Burton sobre ""Los locos Addams""",https://www.ambito.com/espectaculos/netflix/catherine-zeta-jones-sera-morticia-la-serie-tim-burton-los-locos-addams-n5246344
61, EEUU: avanza el proyecto para gravar las criptomonedas y temen los traders,https://www.ambito.com/finanzas/criptomonedas/eeuu-avanza-el-proyecto-gravar-las-y-temen-los-traders-n5247003
62, MetLife confirmó que le vendió su cartera de seguros de vida a un grupo local,https://www.ambito.com/negocios/seguros/metlife-confirmo-que-le-vendio-su-cartera-vida-un-grupo-local-n5247156
63, ANSES: calendario de pagos de SUAF en agosto y cómo hacer para pasar a la AUH,https://www.ambito.com/informacion-general/anses/calendario-pagos-suaf-agosto-y-como-hacer-pasar-la-auh-n5247062
64," Antonio Fernández Llorente: ""A la larga se impone la verdad""",https://www.ambito.com/informacion-general/c5n/antonio-fernandez-llorente-a-la-larga-se-impone-la-verdad-n5246806
65, Pandemia: cuáles son los sentimientos que provocó en los niños,https://docsalud.com/maternidad-ninez/pandemia-cuales-son-los-sentimientos-que-provoco-en-los-ninos/1011445
66, Las enfermedades ginecológicas que aparecen en menopausia,https://docsalud.com/clinica/las-enfermedades-ginecologicas-que-aparecen-en-menopausia/1011442
67, El acné tardío puede indicar trastornos hormonales,https://docsalud.com/clinica/el-acne-tardio-puede-indicar-trastornos-hormonales/1011453
68, ¿Cuál es la hierba que ayuda a conciliar mejor el sueño?,https://docsalud.com/vida-sana-nutricion/cual-es-la-hierba-que-ayuda-a-conciliar-mejor-el-sueno/1011449
69,El nuevo boom: videojuegos con criptomonedas,https://www.ambito.com/opiniones/criptomonedas/el-nuevo-boom-videojuegos-n5245601
70,Qué hacer cuando desaparece la demanda de bonos,https://www.ambito.com/opiniones/bonos/que-hacer-cuando-desaparece-la-demanda-n5245556
71,Políticas para que gire la rueda,https://www.ambito.com/opiniones/impuestos/politicas-que-gire-la-rueda-n5245609
72,Las maneras correctas para hablar de discapacidad,https://www.ambito.com/opiniones/discapacidad/las-maneras-correctas-hablar-n5243889
73,Un severo agravante complica al sector externo y el ingreso de dólares,https://www.ambito.com/opiniones/exportaciones/un-severo-agravante-complica-al-sector-externo-y-el-ingreso-dolares-n5241293
74,La política y la validación por pares,https://www.ambito.com/opiniones/politicas/la-politica-y-la-validacion-pares-n5241284
75,Diálogos de Wall Street,https://www.ambito.com/economia/wall-street/dialogos-n5241347
76,Caen las tecnológicas de China: ¿amenaza u oportunidad?,https://www.ambito.com/opiniones/china/caen-las-tecnologicas-amenaza-u-oportunidad-n5239179
77, Las palabras que eligió Alfredo Casero para definir a los precandidatos de las PASO,https://www.ambito.com/politica/elecciones-2021/las-palabras-que-eligio-alfredo-casero-definir-los-precandidatos-las-paso-n5246645
78, Sigue rally de anuncios de cara a las PASO: Alberto Fernández puso en marcha 100 obras en todo el país,https://www.ambito.com/politica/alberto-fernandez/sigue-rally-anuncios-cara-las-paso-puso-marcha-100-obras-todo-el-pais-n5246511
79," Una por una, las 100 obras que inauguró Alberto Fernández en todo el país",https://www.ambito.com/politica/obras-publicas/una-una-las-100-obras-que-inauguro-alberto-fernandez-todo-el-pais-n5247150
80," Con un homenaje a Okupas, el Frente de Izquierda lanzó su nuevo spot",https://www.ambito.com/frente-izquierda/con-un-homenaje-okupas-el-lanzo-su-nuevo-spot-n5247448
81, Ganancias y bienes personales: contadores piden de plazo por dificultades en el sitio y aplicativos de AFIP,https://www.ambito.com/economia/afip/ganancias-y-bienes-personales-contadores-piden-plazo-dificultades-el-sitio-y-aplicativos-n5247251
82, Renuncia el gobernador de Nueva York tras acusaciones de acoso sexual,https://www.ambito.com/mundo/acoso-sexual/renuncia-andrew-cuomo-gobernador-nueva-york-acusaciones-n5246971
83, Procrear II abrió una nueva inscripción para sortear viviendas,https://www.ambito.com/informacion-general/procrear/ii-abre-una-nueva-inscripcion-sortear-viviendas-n5246679
84, Abren investigación contra Fernando Iglesias y Waldo Wolff por denuncia de Florencia Peña,https://www.ambito.com/espectaculos/television/abren-investigacion-contra-fernando-iglesias-y-waldo-wolff-denuncia-florencia-pena-n5247029
85, ANSES anunció el nuevo aumento de las jubilaciones y AUH,https://www.ambito.com/economia/anses/anuncio-el-nuevo-aumento-las-jubilaciones-y-auh-n5247195
86, El dólar blue cayó $1 y cerró en su valor más bajo de casi un mes,https://www.ambito.com/finanzas/dolar-blue/hoy-cuanto-cerro-este-martes-10-agosto-n5246636
87, Las palabras que eligió Alfredo Casero para definir a los precandidatos de las PASO,https://www.ambito.com/politica/elecciones-2021/las-palabras-que-eligio-alfredo-casero-definir-los-precandidatos-las-paso-n5246645
88, Tarjeta Alimentar de ANSES: adelantan el saldo de agosto para algunos beneficiarios,https://www.ambito.com/informacion-general/anses/tarjeta-alimentar-adelantan-el-saldo-agosto-algunos-beneficiarios-n5246831
89," Bianchi, Gallardo y Messi: todos los argentinos que jugaron en PSG",https://www.ambito.com/deportes/psg/bianchi-gallardo-y-messi-todos-los-argentinos-que-jugaron-n5247245
90," Ronaldinho celebró la llegada de Messi a PSG: ""Estoy oliendo aroma a Champions""",https://www.ambito.com/deportes/ronaldinho/celebro-la-llegada-messi-psg-estoy-oliendo-aroma-champions-n5247428
91, Boca deja la Bombonera por un tiempo,https://www.ambito.com/deportes/boca/deja-la-bombonera-un-tiempo-n5247307
92," Encuentran a un ""temible"" dinosaurio volador en Australia",https://www.ambito.com/informacion-general/dinosaurios/encuentran-un-temible-dinosaurio-volador-australia-n5246846
93, Presentan proyecto de ley para prohibir candidatos que ignoren reclamo de soberanía sobre Malvinas,https://www.ambito.com/politica/islas-malvinas/presentan-proyecto-ley-prohibir-candidatos-que-ignoren-reclamo-soberania-malvinas-n5246900
94," Esperan que las ventas del Día del Niño superen las de 2019 con ""fuertes promociones""",https://www.ambito.com/economia/consumo/esperan-que-las-ventas-del-dia-del-nino-superen-las-2019-fuertes-promociones-n5246827
95, Perú: investigarán por blanqueo de capitales al primer ministro de Pedro Castillo,https://www.ambito.com/mundo/peru/investigaran-blanqueo-capitales-al-primer-ministro-pedro-castillo-n5246847
96, Cambio climático: pequeños estados insulares piden que se proteja su existencia,https://www.ambito.com/mundo/cambio-climatico/pequenos-estados-insulares-piden-que-se-proteja-su-existencia-n5246686
97, Senado de EEUU da luz verde al megaproyecto de infraestructura de Joe Biden ,https://www.ambito.com/economia/joe-biden/senado-eeuu-da-luz-verde-al-megaproyecto-infraestructura-n5246948
98, Un inversor estadounidense eligió el oro por sobre el bitcoin: cuáles son sus razones,https://www.ambito.com/finanzas/bitcoin/un-inversor-estadounidense-eligio-el-oro-el-cuales-son-sus-razones-n5245741
99, Moratoria ARBA para deudas impositivas del 2021: quiénes y cómo pueden acceder,https://www.ambito.com/economia/arba/moratoria-deudas-impositivas-del-2021-quienes-y-como-pueden-acceder-n5246773
100, El Perseverance falló en su primer intento de perforar el suelo de Marte,https://www.ambito.com/informacion-general/nasa/el-perseverance-fallo-su-primer-intento-perforar-el-suelo-marte-n5247378
101, Rematan televisores Led y Smart TV por dos días a 24 cuotas sin interés,https://www.ambito.com/economia/consumo/rematan-televisores-led-y-smart-tv-dos-dias-24-cuotas-interes-n5245673
102, YPF Agro y Discovery presentan docu-reality sobre el campo argentino,https://www.ambito.com/negocios/campo/ypf-agro-y-discovery-presentan-docu-reality-el-argentino-n5247164
103, Matías Kulfas descartó un avance en la reducción de la jornada laboral,https://www.ambito.com/economia/empleo/matias-kulfas-descarto-un-avance-la-reduccion-la-jornada-laboral-n5246718
104," Suba de alimentos se desaceleró a 0,4% en la primera semana de agosto",https://www.ambito.com/economia/alimentos/suba-se-desacelero-04-la-primera-semana-agosto-n5246591
105, La multinacional Dow anunció el cierre de su planta petroquímica en Santa Fe ,https://www.ambito.com/negocios/petroquimica/la-multinacional-dow-anuncio-el-cierre-su-planta-santa-fe-n5246761
106," Sullivan, el enviado de Biden, garantizó apoyo en el ""board"" del FMI ",https://www.ambito.com/economia/fmi/sullivan-el-enviado-biden-garantizo-apoyo-el-board-del-n5246578
107, AFIP: vence el plazo para presentar DDJJ y realizar pagos de Ganancias y Bienes Personales,https://www.ambito.com/economia/afip/vence-el-plazo-presentar-ddjj-y-realizar-pagos-ganancias-y-bienes-personales-n5246189
108, Estiman que agosto será el último mes con saldo positivo para las reservas,https://www.ambito.com/economia/reservas/estiman-que-agosto-sera-el-ultimo-mes-saldo-positivo-las-n5246569
109," Enviado de Biden a Argentina: ""Hemos planteado la cuestión de Cuba, Nicaragua y Venezuela""",https://www.ambito.com/politica/biden/enviado-argentina-hemos-planteado-la-cuestion-cuba-nicaragua-y-venezuela-n5246586
110," Tolosa Paz aseguró que la oposición sólo propone ""un carancheo constante""",https://www.ambito.com/politica/frente-todos/tolosa-paz-aseguro-que-la-oposicion-solo-propone-un-carancheo-constante-n5246698
111, La carta con la que Agustín Rossi se despidió del Gobierno,https://www.ambito.com/politica/agustin-rossi/la-carta-la-que-se-despidio-del-gobierno-n5247255
112, Provincia otorgará un crédito por $100 millones a empresa láctea,https://www.ambito.com/planta/provincia-otorgara-un-credito-100-millones-empresa-lactea-n5247434
113, Primer procesado en la causa por persecución al Grupo Indalo (Rosenkrantz citado como testigo),https://www.ambito.com/politica/grupo-indalo/primer-procesado-la-causa-persecucion-al-rosenkrantz-citado-como-testigo-n5246264
114, Tokio 2020: ¿Por qué se rompieron tantos récords?,https://www.ambito.com/deportes/tokio-2020/por-que-se-rompieron-tantos-records-n5245620
115, La peculiar imagen de Messi en su casa: semidesnudo y ¿tomando un fernet?,https://www.ambito.com/deportes/messi/la-peculiar-imagen-su-casa-semidesnudo-y-tomando-un-fernet-n5246008
116, Aldosivi volvió a ganar y sueña en grande,https://www.ambito.com/deportes/aldosivi/volvio-ganar-y-suena-grande-n5246476
117, Pizzi dejó de ser el entrenador de Racing,https://www.ambito.com/deportes/pizzi/dejo-ser-el-entrenador-racing-n5246430
118, La Liga Femenina será transmitida para todo el país,https://www.ambito.com/deportes/la-liga/femenina-sera-transmitida-todo-el-pais-n5246286
119, Patronato reaccionó a tiempo y se llevó un punto de Sarandí,https://www.ambito.com/deportes/patronato/reacciono-tiempo-y-se-llevo-un-punto-sarandi-n5246448
