nro;titulo;link
1; Alberto Fernández reunió al Gabinete, con foco en las elecciones y en la pospandemia;https://www.ambito.com/politica/alberto-fernandez/reunio-al-gabinete-foco-las-elecciones-y-la-pospandemia-n5256203
2;" Persecución a Indalo: Justicia va tras maniobra de YPF de Macri y de Rufino, ""socio"" de ""Pepin"" Rodríguez Simón";https://www.ambito.com/politica/grupo-indalo/persecucion-indalo-justicia-va-maniobra-ypf-macri-y-rufino-socio-pepin-rodriguez-simon-n5256314
3; Bitcoin: ámbito en el evento clave para el mundo cripto;https://www.ambito.com/negocios/blockchain/bitcoin-ambito-el-evento-clave-el-mundo-cripto-n5252378
4; Bitcoin camino a romper la barrera de los u$s50.000 ¿hasta donde puede llegar?;https://www.ambito.com/finanzas/bitcoin/camino-romper-la-barrera-los-us50000-hasta-donde-puede-llegar-n5256495
5; El dólar CCL sube 2% y llega a los $172, en un mercado con mucha volatilidad;https://www.ambito.com/finanzas/dolar/hoy-cuanto-cotiza-este-viernes-20-agosto-n5255995
6; El dólar blue rebota luego de tocar mínimos de una semana;https://www.ambito.com/finanzas/dolar-blue/hoy-cuanto-cotiza-este-viernes-20-agosto-n5255994
7;" Mauricio Macri se metió en la campaña: ""El kirchnerismo nos llevó al país de morondanga""";https://www.ambito.com/politica/elecciones-2021/mauricio-macri-se-metio-la-campana-el-kirchnerismo-nos-llevo-al-pais-morondanga-n5256355
8;" Reunión en Olivos: ""El Presidente está a disposición de la Justicia"" ";https://www.ambito.com/politica/alberto-fernandez/reunion-olivos-santiago-cafiero-aseguro-que-esta-disposicion-la-justicia-n5256419
9; Contrabando de armas a Bolivia: se complica la situación de Marcos Peña;https://www.ambito.com/politica/bolivia/contrabando-armas-se-complica-la-situacion-marcos-pena-n5256362
10; Por qué la deuda local sudamericana está siendo golpeada por todos lados;https://www.ambito.com/finanzas/deuda/por-que-la-local-sudamericana-esta-siendo-golpeada-todos-lados-n5256353
11; Salarios: Repro II se extiende a agosto con cambios;https://www.ambito.com/economia/repro/salarios-2-se-extiende-agosto-cambios-n5256058
12; Bitcoin: salta el precio, recibe críticas, pero un detractor se arrepiente;https://www.ambito.com/finanzas/bitcoin/salta-el-precio-recibe-criticas-pero-un-detractor-se-arrepiente-n5256044
13; Con un ramo de flores en mano, Vladimir Putin se despidió de Angela Merkel;https://www.ambito.com/mundo/vladimir-putin/con-un-ramo-flores-mano-se-despidio-angela-merkel-n5256490
14;" ""Contrato sicarios para tirar tiros a jueces"": el desafiante mensaje del líder de ""Los Monos""";https://www.ambito.com/informacion-general/narcotrafico/contrato-sicarios-tirar-tiros-jueces-el-desafiante-mensaje-del-lider-los-monos-n5256087
15; Alberto Fernández y María Eugenia Vidal se cruzaron por la deuda macrista;https://www.ambito.com/politica/alberto-fernandez/y-maria-eugenia-vidal-se-cruzaron-la-deuda-macrista-n5256267
16; Covid-19: Cuáles son las recomendaciones para ir a votar;https://www.ambito.com/politica/elecciones-2021/covid-19-cuales-son-las-recomendaciones-ir-votar-n5256265
17;" Gobierno ratificó que ""a fines de septiembre volverá el público a las canchas""";https://www.ambito.com/deportes/covid-19/matias-lammens-adelanto-que-a-fines-septiembre-volvera-el-publico-las-canchas-n5256243
18; Nuevo golpe hacker a las criptomonedas: robaron u$s97 millones;https://www.ambito.com/finanzas/criptomonedas/nuevo-golpe-hacker-las-robaron-us97-millones-n5256095
19; Subastarán camionetas de alta gama desde $50.000: cómo hacer para participar;https://www.ambito.com/negocios/subasta/ran-camionetas-alta-gama-50000-como-hacer-participar-n5255821
20; La soja sufre su cuarta baja en fila y toca mínimos en 2 meses;https://www.ambito.com/finanzas/soja/la-sufre-su-cuarta-baja-fila-y-toca-minimos-2-meses-n5256443
21; El S&P Merval rebota luego de tres bajas;
22; Wall Street sube impulsado por tecnológicas, pero se encamina a pérdidas semanales;https://www.ambito.com/finanzas/wall-street/sube-impulsado-tecnologicas-pero-se-encamina-perdidas-semanales-n5256393
23; El dólar en el mundo se acerca a máximo de nueve meses y medio porque los inversores buscan seguridad;https://www.ambito.com/finanzas/dolar/el-el-mundo-se-acerca-maximo-nueve-meses-y-medio-porque-los-inversores-buscan-seguridad-n5256396
24; ANSES fijó el aumento para jubilaciones y AUH a partir de septiembre;https://www.ambito.com/informacion-general/anses/fijo-el-aumento-jubilaciones-y-auh-partir-septiembre-n5256041
25; Bolsonaro dijo que Brasil está negociando con Argentina para importar gas de Vaca Muerta;https://www.ambito.com/economia/vaca-muerta/jair-bolsonaro-dijo-que-brasil-esta-negociando-argentina-importar-gas-n5256013
26;" Tolosa Paz: ""Que Santilli explique a los bonaerenses los 225 mil puestos de trabajo destruidos por Macri"" ";https://www.ambito.com/politica/elecciones-2021/tolosa-paz-que-santilli-explique-los-bonaerenses-los-225-mil-puestos-trabajo-destruidos-macri-n5256202
27; La desocupación en CABA bajó, pero se profundizó la brecha por género y zona;https://www.ambito.com/informacion-general/empleo/la-desocupacion-caba-bajo-pero-se-profundizo-la-brecha-genero-y-zona-n5256043
28; Lo que se dice en las mesas;https://www.ambito.com/economia/deuda/lo-que-se-dice-las-mesas-n5255944
29; El multimillonario Ray Dalio aconsejó a los millennials sobre qué hacer con el dinero ;https://www.ambito.com/finanzas/inversion/el-multimillonario-ray-dalio-aconsejo-los-millennials-que-hacer-el-dinero-n5255091
30; Los cinco peores consejos de inversión que circulan en TikTok;https://www.ambito.com/finanzas/inversiones/los-cinco-peores-consejos-inversion-que-circulan-tiktok-n5254367
31; El uso de Bitcoin y criptomonedas aumentó casi 900% en 2021;https://www.ambito.com/finanzas/criptomonedas/el-uso-bitcoin-y-aumento-casi-900-2021-n5256159
32; Minería de Bitcoin y consumo energético, ejes centrales de la nueva edición de DescentralizAR 2021;https://www.ambito.com/finanzas/bitcoin/mineria-y-consumo-energetico-ejes-centrales-la-nueva-edicion-descentralizar-2021-n5255985
33;" Andragnes: ""La blockchain y todos sus usos son como un genio que salió de la botella""";https://www.ambito.com/negocios/blockchain/andragnes-la-y-todos-sus-usos-son-como-un-genio-que-salio-la-botella-n5255769
34; El mensaje de Cristina Kirchner a Alberto Fernández;https://www.ambito.com/politica/elecciones-2021/el-mensaje-cristina-kirchner-alberto-fernandez-n5253882
35; Venden el Mercedes-Benz de Alfredo Yabrán;https://www.ambito.com/sociedad/alfredo-yabran/venden-el-mercedes-benz-n5254191
36; La grieta agobia;https://www.ambito.com/secciones-especiales/charlas-quincho/s-n5252814
37; El petróleo se hunde más de 7% en la semana debido a propagación de variante Delta;https://www.ambito.com/finanzas/petroleo/el-se-hunde-mas-7-la-semana-debido-propagacion-variante-delta-n5256392
38; Hidrocarburos: cuáles son los principales puntos del proyecto que analiza el Gobierno;https://www.ambito.com/economia/hidrocarburos/el-gobierno-ya-tiene-listo-el-proyecto-ley-cuales-son-los-principales-puntos-n5255391
39; Encuentran bacterias que descomponen el petróleo y el diésel;https://www.ambito.com/informacion-general/petroleo/encuentran-bacterias-que-descomponen-el-y-el-diesel-n5255102
40; YPF líder del mercado local en la utilización de renovables;https://www.ambito.com/negocios/energias-renovables/ypf-lider-del-mercado-local-la-utilizacion-renovables-n5254587
41; Elon Musk reveló que Tesla trabaja en un robot humanoide;https://www.ambito.com/informacion-general/tesla/elon-musk-revelo-que-trabaja-un-robot-humanoide-n5256040
42; WhatsApp cambió su opción de mensajes temporales;https://www.ambito.com/informacion-general/whatsapp/cambio-su-opcion-mensajes-temporales-n5256179
43; WhatsApp cerrará tu cuenta si tenés alguna de estas aplicaciones;https://www.ambito.com/informacion-general/whatsapp/cerrara-tu-cuenta-si-tenes-alguna-estas-aplicaciones-n5226525
44; Twitter hizo un cambio drástico en los mensajes directos;https://www.ambito.com/informacion-general/twitter/hizo-un-cambio-drastico-los-mensajes-directos-n5256067
45; Starlink, el proyecto de Elon Musk que llevará internet a una aldea en Chile;https://www.ambito.com/mundo/elon-musk/starlink-el-proyecto-que-llevara-internet-una-aldea-chile-n5255376
46; EEUU demandará a Facebook por monopolio: ¿Se separa de Instagram y WhatsApp?;https://www.ambito.com/informacion-general/facebook/eeuu-demandara-monopolio-se-separa-instagram-y-whatsapp-n5255358
47; ¿Cómo hacer las mejores papas fritas?;https://www.ambito.com/informacion-general/recetas/como-hacer-las-mejores-papas-fritas-n5255609
48; Nordelta: la rebelión de los carpinchos;https://www.ambito.com/informacion-general/nordelta/la-rebelion-los-carpinchos-n5255615
49; Dalma Maradona cruzó a Leo Sbaraglia por la serie de Amazon sobre Diego Maradona;https://www.ambito.com/espectaculos/dalma-maradona/cruzo-leo-sbaraglia-la-serie-amazon-diego-maradona-n5256478
50; Benjamín Vicuña y la China Suarez confirmaron su separación ;https://www.ambito.com/espectaculos/television/benjamin-vicuna-y-la-china-suarez-confirmaron-su-separacion-n5256168
51; Netflix: ¿Qué vemos este fin de semana?;https://www.ambito.com/espectaculos/netflix/que-vemos-este-fin-semana-n5256010
52;" Investigador del CONICET: ""Hay que prepararse para la circulación comunitaria de la variante Delta""";https://www.ambito.com/informacion-general/covid-19/investigador-del-conicet-hay-que-prepararse-la-circulacion-comunitaria-la-variante-delta-n5256250
53;" La respuesta de Claudia Piñeiro a la Alianza Cristiana por ""El Reino""";https://www.ambito.com/espectaculos/netflix/la-respuesta-claudia-pineiro-la-alianza-cristiana-el-reino-n5256119
54; Bancos privados reclaman reducir impuestos para ampliar el crédito;https://www.ambito.com/economia/bancos/privados-reclaman-reducir-impuestos-ampliar-el-credito-n5255855
55; Estrella de la NBA entra al negocio del cannabis;https://www.ambito.com/deportes/cannabis/kevin-durant-se-asocia-una-cadena-que-vende-productos-n5256151
56; El rechazo a los talibanes se extiende por Afganistán con más protestas;https://www.ambito.com/mundo/talibanes/el-rechazo-los-se-extiende-afganistan-mas-protestas-n5255168
57; Redes sociales toman postura ante la toma de poder en Afganistán;https://www.ambito.com/informacion-general/afganistan/redes-sociales-toman-postura-la-toma-poder-n5256053
58; Inversión: un dato oficial muestra que ya se ubica por encima de 2019;https://www.ambito.com/politica/inversion/un-dato-oficial-muestra-que-ya-se-ubica-encima-2019-n5255968
59; Argentina, Venezuela y Colombia entre los países con más adopción de criptomonedas en 2021;https://www.ambito.com/finanzas/criptomonedas/argentina-venezuela-y-colombia-los-paises-mas-adopcion-2021-n5255006
60; Cómo eliminar la grasa subcutánea;https://docsalud.com/vida-sana-nutricion/como-eliminar-la-grasa-subcutanea/1011482
61; ¿Qué es el Síndrome Urémico Hemolítico y cómo prevenirlo?;https://docsalud.com/clinica/que-es-el-sindrome-uremico-hemolitico-y-como-prevenirlo/1011479
62;Pymes: el eslabón necesario para las políticas de recuperación;https://www.ambito.com/opiniones/pymes/el-eslabon-necesario-las-politicas-recuperacion-n5255805
63;La nueva oleada de pesos inunda la plaza: ¿qué planea hacer el Banco Central?;https://www.ambito.com/opiniones/la-nueva-oleada-pesos-inunda-la-plaza-que-planea-hacer-el-banco-central-n5254049
64;Los cayetanos y cegetistas caminan hacia un nosotros más amplio;https://www.ambito.com/opiniones/los-cayetanos-y-cegetistas-caminan-un-nosotros-mas-amplio-n5254011
65;Diálogos de Wall Street;https://www.ambito.com/economia/wall-street/dialogos-n5253884
66;¿Qué está pasando con el oro?;https://www.ambito.com/opiniones/oro/que-esta-pasando-el-n5252102
67;La pandemia y el cambio cultural que revolucionó al mundo de la salud;https://www.ambito.com/opiniones/salud/la-pandemia-y-el-cambio-cultural-que-revoluciono-al-mundo-la-n5250768
68;Rebeldía e incoherencia en campaña;https://www.ambito.com/opiniones/vacunas/rebeldia-e-incoherencia-campana-n5248770
69;En Argentina la mejor inversión es la inflación;https://www.ambito.com/opiniones/bonos/en-argentina-la-mejor-inversion-es-la-inflacion-n5247783
70;Soberanía alimentaria y comunidad organizada;https://www.ambito.com/opiniones/alimentos/soberania-alimentaria-y-comunidad-organizada-n5248692
71; ANSES paga dos montos extras en septiembre: consultá con tu DNI si accedés;https://www.ambito.com/informacion-general/anses/paga-dos-montos-extras-septiembre-consulta-tu-dni-si-accedes-n5256129
72; Echegaray amplió su indagatoria en juicio Oil y buscó tensar con querella de AFIP;https://www.ambito.com/politica/oil-combustibles/echegaray-amplio-su-indagatoria-juicio-oil-y-busco-tensar-querella-afip-n5255980
73;" Explosiva y lapidaria carta del ""Profe"" Córdoba contra Russo: ""Por unos dólares más te sacaste la careta""";https://www.ambito.com/deportes/boca/explosiva-y-lapidaria-carta-del-profe-cordoba-contra-russo-por-unos-dolares-mas-te-sacaste-la-careta-n5256286
74;" Macri afirma que para Obama y Merkel su política económica ""estuvo bien"" ";https://www.ambito.com/politica/mauricio-macri/macri-afirma-que-obama-y-merkel-su-economica-estuvo-bien-n5256276
75; AFIP: qué sanciones y multas se aplican si no logré recategorizarme en el monotributo;https://www.ambito.com/economia/afip/que-sanciones-y-multas-se-aplican-si-no-logre-recategorizarme-el-monotributo-n5255246
76; Rematan en pesos propiedades sin herederos en la Ciudad: ¿cómo participar?;https://www.ambito.com/sociedad/inmuebles/rematan-pesos-propiedades-herederos-la-ciudad-como-participar-n5254048
77; Penalty presentó inversión de u$s26 millones para reanudar la producción en Argentina;https://www.ambito.com/negocios/industria/penalty-presento-inversion-us26-millones-reanudar-la-produccion-argentina-n5256263
78; ANSES fijó el aumento para jubilaciones y AUH a partir de septiembre;https://www.ambito.com/informacion-general/anses/fijo-el-aumento-jubilaciones-y-auh-partir-septiembre-n5256041
79; ANSES paga dos montos extras en septiembre: consultá con tu DNI si accedés;https://www.ambito.com/informacion-general/anses/paga-dos-montos-extras-septiembre-consulta-tu-dni-si-accedes-n5256129
80; El dólar blue rebota luego de tocar mínimos de una semana;https://www.ambito.com/finanzas/dolar-blue/hoy-cuanto-cotiza-este-viernes-20-agosto-n5255994
81; Día mundial de la papa frita: por qué se celebra el 20 de agosto;https://www.ambito.com/informacion-general/papas-fritas/dia-mundial-la-papa-frita-que-se-celebra-el-20-agosto-n5255581
82; Covid-19: Nueva Zelanda impone un nuevo confinamiento en todo el país;https://www.ambito.com/mundo/covid-19/nueva-zelanda-impone-un-nuevo-confinamiento-todo-el-pais-n5256121
83; ¿Juegan el sábado? Battaglia cambió y puso a Campuzano y Varela entre los titulares ;https://www.ambito.com/deportes/boca/battaglia-cambio-y-puso-campuzano-y-varela-los-titulares-n5256217
84;" El dinero que recibirá River gracias a ""Nacho"" Fernández si Mineiro gana la Copa Libertadores";https://www.ambito.com/deportes/river/el-dinero-que-recibira-gracias-nacho-fernandez-si-mineiro-gana-la-copa-libertadores-n5256175
85; AUH y jubilados de ANSES: cómo acceder al reintegro de hasta $3.400 en compras con tarjeta de débito;https://www.ambito.com/informacion-general/anses/auh-y-jubilados-como-acceder-al-reintegro-3400-compras-tarjeta-debito-n5256101
86; Rafa Nadal no jugará hasta 2022;https://www.ambito.com/deportes/tenis/rafa-nadal-no-jugara-2022-n5256034
87; ¿Qué habilidades se necesitan para trabajar en el mundo de las criptomonedas?;https://www.ambito.com/finanzas/criptomonedas/que-habilidades-se-necesitan-trabajar-el-mundo-las-n5255375
88; Plan Juana Manso: requisitos y cómo inscribirse para recibir las notebooks gratis;https://www.ambito.com/informacion-general/educacion/plan-juana-manso-requisitos-y-como-inscribirse-recibir-las-notebooks-gratis-n5256076
89; Impactante alud en Villa La Angostura sobre la ruta 40;https://www.ambito.com/informacion-general/chubut/impactante-alud-villa-la-angostura-la-ruta-40-n5256052
90; Apuesta a la tormenta de Santa Rosa;https://www.ambito.com/economia/campo/apuesta-la-tormenta-santa-rosa-n5255946
91; Mariano Martínez se lanzó oficialmente como cantante y las redes se llenaron de memes;https://www.ambito.com/espectaculos/musica/mariano-martinez-se-lanzo-oficialmente-como-cantante-y-las-redes-se-llenaron-memes-n5256126
92; México: falleció un surfista argentino tras caer de su tabla;https://www.ambito.com/informacion-general/mexico/fallecio-el-surfista-carlos-di-pace-caer-su-tabla-n5256036
93; Britney Spears investigada por golpear a una empleada;https://www.ambito.com/espectaculos/denuncia/britney-spears-investigada-golpear-una-empleada-n5256218
94; Astronautas chinos realizaron nueva caminata espacial;https://www.ambito.com/mundo/ciencia/astronautas-chinos-realizaron-nueva-caminata-espacial-n5256007
95; OnlyFans prohibirá el porno explícito;https://www.ambito.com/tecnologia/plataformas-digitales/onlyfans-prohibira-el-porno-explicito-n5255734
96; Casi la mitad del costo financiero que se paga en préstamos personales son impuestos;https://www.ambito.com/finanzas/prestamos/casi-la-mitad-del-costo-financiero-que-se-paga-personales-son-impuestos-n5255791
97; Un informe reveló que un CEO gana 351 veces lo que un trabajador promedio en EEUU;https://www.ambito.com/finanzas/salarios/un-informe-revelo-que-un-ceo-gana-351-veces-lo-que-un-trabajador-promedio-eeuu-n5255229
98; La economía se recuperó en junio y creció 2,5% mensual (en el semestre se expandió 9,7%);https://www.ambito.com/economia/economia/la-se-recupero-junio-y-crecio-25-mensual-en-el-semestre-se-expandio-97-n5255530
99; Inmobiliarios afirman que continúa en baja el precio de las propiedades;https://www.ambito.com/economia/inmuebles/inmobiliarios-afirman-que-continua-baja-el-precio-las-propiedades-n5255263
100; El Banco Central dispuso que en 60 días todas las cuentas comerciales deberán tener un código QR;https://www.ambito.com/economia/banca-digital/el-banco-central-dispuso-que-60-dias-todas-las-cuentas-comerciales-deberan-tener-un-codigo-qr-n5255691
101; La jubilación, cabeza a cabeza con la inflación en 2021: ¿quién ganará?;https://www.ambito.com/economia/inflacion/la-jubilacion-cabeza-cabeza-la-2021-quien-ganara-n5255055
102; Dónde voto: consultá el padrón para las Elecciones PASO 2021;https://www.ambito.com/politica/elecciones-2021/donde-voto-consulta-el-padron-las-elecciones-paso-2021-n5249654
103; Empresas aeronáuticas reclaman a Taiana ;https://www.ambito.com/politica/empresas/aeronauticas-reclaman-taiana-n5255934
104; Gobierno amplía su denuncia por contrabando a Bolivia y pide que se impute a Peña, Faurie y Pompeo;https://www.ambito.com/politica/bolivia/gobierno-amplia-su-denuncia-contrabando-y-pide-que-se-impute-pena-faurie-y-pompeo-n5255132
105; Cumpleaños de Fabiola Yañez en Olivos: incorporan videos a la causa penal;https://www.ambito.com/politica/olivos/cumpleanos-fabiola-yanez-incorporan-videos-la-causa-penal-n5255631
106; Bapro: sin quorum, Kicillof negocia con oposición vacante de Di Tullio;https://www.ambito.com/ambito-nacional/axel-kicillof/bapro-quorum-kicillof-negocia-oposicion-vacante-di-tullio-n5255927
107; Tras la eliminación, en River crece la incertidumbre sobre la continuidad de Gallardo;https://www.ambito.com/deportes/river/tras-la-eliminacion-crece-la-incertidumbre-la-continuidad-gallardo-n5255966
108; Benedetto jugará en el equipo del club que es accionista;https://www.ambito.com/deportes/benedetto/jugara-el-equipo-del-club-que-es-accionista-n5255683
109; Messi tendrá su propia colección de arte digital;https://www.ambito.com/deportes/messi/lionel-tendra-su-propia-coleccion-arte-digital-n5255242
110; Pezzella vuelve al fútbol español y fue presentado de una manera muy original;https://www.ambito.com/deportes/pezzella/vuelve-al-futbol-espanol-y-fue-presentado-una-manera-muy-original-n5255841
111; Insólito: un árbitro armado en la cancha aterrorizó una liga amateur de Honduras;https://www.ambito.com/deportes/arbitro/insolito-un-armado-la-cancha-aterrorizo-una-liga-amateur-honduras-n5255514
112; Peligran los duelos entre Los Pumas y All Blacks;https://www.ambito.com/deportes/rugby/peligran-los-duelos-los-pumas-y-all-blacks-n5255026
